location_id,address_1,address_2,address_3,city,county,state_addr,postal_code,country,phone_number,fax_number,email
Home-AnnapolisJunction136,Junction 306 Sentinel Drive,Fourth Floor,\\N,Annapolis Junction,\\N,MD,20701,USA,(617) 386-1200,(617) 386-1200,store136@example.com
Home-Atlanta127,1100 Abernathy Road Northpark Town Center,Bldg 500 Suite 1120,\\N,Atlanta,\\N,GA,30328,USA,(617) 386-1200,(617) 386-1200,store127@example.com
Home-Atlanta128,101 Marietta Street,Suite 1700,\\N,Atlanta,\\N,GA,30303,USA,(617) 386-1200,(617) 386-1200,store128@example.com
Home-BalaCynwyd174,3 Bala Plaza Suite,Suite 700,\\N,Bala Cynwyd,\\N,PA,19004,USA,(617) 386-1200,(617) 386-1200,store174@example.com
Home-Bellevue188,411 108th Avenue NE,Suite 900,\\N,Bellevue,\\N,WA,98004,USA,(617) 386-1200,(617) 386-1200,store188@example.com
Home-BlueAsh165,9987 Carver Road,Suite 250,\\N,Blue Ash,\\N,OH,45242,USA,(617) 386-1200,(617) 386-1200,store165@example.com
Home-Boise129,250 South Fifth Street,Suite 830,\\N,Boise,\\N,ID,83702,USA,(617) 386-1200,(617) 386-1200,store129@example.com
Home-Boston138,One Beacon Street,4th Floor,\\N,Boston,\\N,MA,2108,USA,(617) 386-1200,(617) 386-1200,store138@example.com
Home-Bozeman145,136 Enterprise Blvd,\\N,\\N,Bozeman,\\N,MT,59718,USA,(617) 386-1200,(617) 386-1200,store145@example.com
Home-Bozeman148,110 Enterprise Blvd,\\N,\\N,Bozeman,\\N,MT,59718,USA,(617) 386-1200,(617) 386-1200,store148@example.com
Home-Bridgewater151,400 Crossing Boulevard 6th,6th Floor,\\N,Bridgewater,\\N,NJ,8807,USA,(617) 386-1200,(617) 386-1200,store151@example.com
Home-Broomfield115,500 Eldorado Blvd.,\\N,\\N,Broomfield,\\N,CO,80021,USA,(617) 386-1200,(617) 386-1200,store115@example.com
Home-Burlington139,8 Van de Graaff Drive,Burlington,\\N,Burlington,\\N,MA,1803,USA,(617) 386-1200,(617) 386-1200,store139@example.com
Home-Charlotte163,15800 John J. Delaney Drive,Suite 500,\\N,Charlotte,\\N,NC,28277,USA,(617) 386-1200,(617) 386-1200,store163@example.com
Home-Chesterfield144,424 South Woods Mill Road,Suite 200,\\N,Chesterfield,\\N,MO,63017,USA,(617) 386-1200,(617) 386-1200,store144@example.com
Home-Cincinnati166,1404 Race Street,Suite 202,\\N,Cincinnati,\\N,OH,45203,USA,(617) 386-1200,(617) 386-1200,store166@example.com
Home-ColoradoSprings116,12320 Oracle Blvd.,\\N,\\N,Colorado Springs,\\N,CO,80921,USA,(617) 386-1200,(617) 386-1200,store116@example.com
Home-Columbia137,7120 Samuel Morse Drive,Suite 150,\\N,Columbia,\\N,MD,21046,USA,(617) 386-1200,(617) 386-1200,store137@example.com
Home-FortLauderdale120,550 West Cypress Creek Road,Suite 500,\\N,Fort Lauderdale,\\N,FL,33309,USA,(617) 386-1200,(617) 386-1200,store120@example.com
Home-Frisco184,7460 Warren Parkway,Suite 300,\\N,Frisco,\\N,TX,75034,USA,(617) 386-1200,(617) 386-1200,store184@example.com
Home-GlenAllen187,4870 Sadler Rd.,Suite 101,\\N,Glen Allen,\\N,VA,23060,USA,(617) 386-1200,(617) 386-1200,store187@example.com
Home-Harrisburg175,403 N. 2nd Street,\\N,\\N,Harrisburg,\\N,PA,17101,USA,(617) 386-1200,(617) 386-1200,store175@example.com
Home-Hillsboro172,3380 NW 215th Avenue,\\N,\\N,Hillsboro,\\N,OR,97124,USA,(617) 386-1200,(617) 386-1200,store172@example.com
Home-Hillsboro173,3295 NW 211th Terrace,\\N,\\N,Hillsboro,\\N,OR,97124,USA,(617) 386-1200,(617) 386-1200,store173@example.com
Home-Houston183,Two Allen Center 1200 Smith St.,Suite 1500,\\N,Houston,\\N,TX,77002,USA,(617) 386-1200,(617) 386-1200,store183@example.com
Home-Jacksonville121,7660 Centurion Parkway,Suite 100,\\N,Jacksonville,\\N,FL,32256,USA,(617) 386-1200,(617) 386-1200,store121@example.com
Home-KingofPrussia176,1016 West 9th Avenue,Suite 300,\\N,King of Prussia,\\N,PA,19406,USA,(617) 386-1200,(617) 386-1200,store176@example.com
Home-LibertyCorner153,150 Allen Road Suite,Suite 300,\\N,Liberty Corner,\\N,NJ,7938,USA,(617) 386-1200,(617) 386-1200,store153@example.com
Home-Miami122,6505 Blue Lagoon Drive,Suite 400,\\N,Miami,\\N,FL,33126,USA,(617) 386-1200,(617) 386-1200,store122@example.com
Home-Minneapolis143,900 Second Avenue South,Suite 900,\\N,Minneapolis,\\N,MN,55402,USA,(617) 386-1200,(617) 386-1200,store143@example.com
Home-Monrovia108,800 Royal Oaks Drive,\\N,\\N,Monrovia,\\N,CA,91016,USA,(617) 386-1200,(617) 386-1200,store108@example.com
Home-Nashua150,One Oracle Drive,\\N,\\N,Nashua,\\N,NH,3062,USA,(617) 386-1200,(617) 386-1200,store150@example.com
Home-Omaha149,11516 Miracle Hills Drive,Suite 101,\\N,Omaha,\\N,NE,68154,USA,(617) 386-1200,(617) 386-1200,store149@example.com
Home-Phoenix100,2355 East Camelback Road,Suite 950,\\N,Phoenix,\\N,AZ,85016,USA,(617) 386-1200,(617) 386-1200,store100@example.com
Home-Pleasanton109,5805 Owens Drive Pleasanton,\\N,\\N,Pleasanton,\\N,CA,94588,USA,(617) 386-1200,(617) 386-1200,store109@example.com
Home-Portland171,1211 SW 5th Avenue,Suite 800,\\N,Portland,\\N,OR,97204,USA,(617) 386-1200,(617) 386-1200,store171@example.com
Home-Raleigh164,8081 Arco Corporate Drive,Suite 270,\\N,Raleigh,\\N,NC,27617,USA,(617) 386-1200,(617) 386-1200,store164@example.com
Home-Rochester161,400 Linden Oaks 3rd,3rd Floor,\\N,Rochester,\\N,NY,14625,USA,(617) 386-1200,(617) 386-1200,store161@example.com
Home-Rocklin110,1001 Sunset Boulevard Rocklin,\\N,\\N,Rocklin,\\N,CA,95765,USA,(617) 386-1200,(617) 386-1200,store110@example.com
Home-Rutherford152,Metropolitan Center 1 Meadowlands Plaza,14th Floor,\\N,Rutherford,\\N,NJ,7073,USA,(617) 386-1200,(617) 386-1200,store152@example.com
Home-SanAntonio185,13750 San Pedro Rd.,Suite 270,\\N,San Antonio,\\N,TX,78232,USA,(617) 386-1200,(617) 386-1200,store185@example.com
Home-SanDiego111,Eastgate Technology Park (Main Building),9515 Towne Center Drive,\\N,San Diego,\\N,CA,92121,USA,(617) 386-1200,(617) 386-1200,store111@example.com
Home-SanDiego112,Eastgate Technology Park,9525 Towne Center Drive,\\N,San Diego,\\N,CA,92121,USA,(617) 386-1200,(617) 386-1200,store112@example.com
Home-Sandy186,9350 South 150 East,Suite 600,\\N,Sandy,\\N,UT,84070,USA,(617) 386-1200,(617) 386-1200,store186@example.com
Home-SanFrancisco113,475 Sansome Street,15th Floor,\\N,San Francisco,\\N,CA,94111,USA,(617) 386-1200,(617) 386-1200,store113@example.com
Home-SantaClara114,5450 Great America Parkway,\\N,\\N,Santa Clara,\\N,CA,95054,USA,(617) 386-1200,(617) 386-1200,store114@example.com
Home-Tarrytown162,560 White Plains Road,Suite 315,\\N,Tarrytown,\\N,NY,10591,USA,(617) 386-1200,(617) 386-1200,store162@example.com
Home-Washington189,1015 15th Street NW,Suite 250,\\N,Washington,\\N,DC,20005,USA,(617) 386-1200,(617) 386-1200,store189@example.com
Home-Washington190,1111 19th Street NW,Suite 600,\\N,Washington,\\N,DC,20036,USA,(617) 386-1200,(617) 386-1200,store190@example.com
Store-Albany157,7 Southwoods Boulevard,Suite 201,\\N,Albany,\\N,NY,12211,USA,(617) 386-1200,(617) 386-1200,store157@example.com
Store-Albuquerque156,6565 Americas Parkway,Suite 200,\\N,Albuquerque,\\N,NM,87110,USA,(617) 386-1200,(617) 386-1200,store156@example.com
Store-Austin180,9600 North Mopac,Seventh Floor,\\N,Austin,\\N,TX,78759,USA,(617) 386-1200,(617) 386-1200,store180@example.com
Store-Austin181,5300 Riata Park Court,Building B,\\N,Austin,\\N,TX,78727,USA,(617) 386-1200,(617) 386-1200,store181@example.com
Store-Bloomington142,8000 Norman Center Drive,Suite 700,\\N,Bloomington,\\N,MN,55437,USA,(617) 386-1200,(617) 386-1200,store142@example.com
Store-Bozeman146,77 Discovery Drive,\\N,\\N,Bozeman,\\N,MT,59718,USA,(617) 386-1200,(617) 386-1200,store146@example.com
Store-Bozeman147,40 Enterprise Blvd,\\N,\\N,Bozeman,\\N,MT,59718,USA,(617) 386-1200,(617) 386-1200,store147@example.com
Store-Brookfield191,13890 Bishops Drive,Suite 450,\\N,Brookfield,\\N,WI,53005,USA,(617) 386-1200,(617) 386-1200,store191@example.com
Store-Burlington140,10 Van de Graaff Drive,Burlington,\\N,Burlington,\\N,MA,01803-5146,USA,(617) 386-1200,(617) 386-1200,store140@example.com
Store-Chicago130,233 South Wacker Dr.,45th Floor,\\N,Chicago,\\N,IL,60606,USA,(617) 386-1200,(617) 386-1200,store130@example.com
Store-Chicago131,330 N. Wabash,24th Floor,\\N,Chicago,\\N,IL,60611,USA,(617) 386-1200,(617) 386-1200,store131@example.com
Store-Columbus168,500 South Front Street,Suite 1100,\\N,Columbus,\\N,OH,43215,USA,(617) 386-1200,(617) 386-1200,store168@example.com
Store-Conshohocken178,5 Tower Bridge 300 Barr Harbor Drive,Suite 400,\\N,Conshohocken,\\N,PA,19428,USA,(617) 386-1200,(617) 386-1200,store178@example.com
Store-Cordova179,57 Germantown Ct.,Suite 104,\\N,Cordova,\\N,TN,38018,USA,(617) 386-1200,(617) 386-1200,store179@example.com
Store-Corvallis170,2420 NW Professional Dr,Suite 100,\\N,Corvallis,\\N,OR,97330,USA,(617) 386-1200,(617) 386-1200,store170@example.com
Store-CulverCity102,5750 Hannum Avenue,Suite 200,\\N,Culver City,\\N,CA,90230,USA,(617) 386-1200,(617) 386-1200,store102@example.com
Store-Denver117,7604 Technology Way,\\N,\\N,Denver,\\N,CO,80237,USA,(617) 386-1200,(617) 386-1200,store117@example.com
Store-Denver118,7700 Technology Way,\\N,\\N,Denver,\\N,CO,80237,USA,(617) 386-1200,(617) 386-1200,store118@example.com
Store-ElSegundo103,200 N. Sepulveda Blvd.,Suite 400,\\N,El Segundo,\\N,CA,90245,USA,(617) 386-1200,(617) 386-1200,store103@example.com
Store-Encino104,15760 Ventura Blvd.,Suite 1400,\\N,Encino,\\N,CA,91436,USA,(617) 386-1200,(617) 386-1200,store104@example.com
Store-Fairborn169,2900 Presidential Drive Suite,Suite 385,\\N,Fairborn,\\N,OH,45324,USA,(617) 386-1200,(617) 386-1200,store169@example.com
Store-Fullerton105,2320 E. Valencia Drive,\\N,\\N,Fullerton,\\N,CA,92831,USA,(617) 386-1200,(617) 386-1200,store105@example.com
Store-Independence167,4 Summit Park Drive,Suite 350,\\N,Independence,\\N,OH,44131,USA,(617) 386-1200,(617) 386-1200,store167@example.com
Store-Indianapolis133,8777 Purdue Road,Suite 100,\\N,Indianapolis,\\N,IN,46268,USA,(617) 386-1200,(617) 386-1200,store133@example.com
Store-Irvine107,17901 Von Karman Avenue,Suite 800,\\N,Irvine,\\N,CA,92614,USA,(617) 386-1200,(617) 386-1200,store107@example.com
Store-Irving182,6031 Connection Drive,Suite 900,\\N,Irving,\\N,TX,75039,USA,(617) 386-1200,(617) 386-1200,store182@example.com
Store-Itasca132,Two Pierce Place,17th Floor,\\N,Itasca,\\N,IL,60143,USA,(617) 386-1200,(617) 386-1200,store132@example.com
Store-Lexington135,2333 Alexandria Drive,\\N,\\N,Lexington,\\N,KY,40504,USA,(617) 386-1200,(617) 386-1200,store135@example.com
Store-Mineola160,330 Old Country Road,\\N,\\N,Mineola,\\N,NY,11501,USA,(617) 386-1200,(617) 386-1200,store160@example.com
Store-MoonTownship177,1550 Coraopolis Heights,Suite 400,\\N,Moon Township,\\N,PA,15108,USA,(617) 386-1200,(617) 386-1200,store177@example.com
Store-MtLaurel154,330 Fellowship Road Suite,Suite 100,\\N,Mt Laurel,\\N,NJ,8054,USA,(617) 386-1200,(617) 386-1200,store154@example.com
Store-NewYork158,120 Park Avenue,26th Floor,\\N,New York,\\N,NY,10017,USA,(617) 386-1200,(617) 386-1200,store158@example.com
Store-NewYork159,540 Madison Avenue,4th Floor OU - 3rd Floor,\\N,New York,\\N,NY,10022,USA,(617) 386-1200,(617) 386-1200,store159@example.com
Store-Onalaska192,115 10th Avenue South,\\N,\\N,Onalaska,\\N,WI,54650,USA,(617) 386-1200,(617) 386-1200,store192@example.com
Store-Orlando123,Lakefront Building,7453 TG Lee Blvd,\\N,Orlando,\\N,FL,32822,USA,(617) 386-1200,(617) 386-1200,store123@example.com
Store-OverlandPark134,9 Corporate Woods,9200 Indian Creek Pkwy Suite 560,\\N,Overland Park,\\N,KS,66210,USA,(617) 386-1200,(617) 386-1200,store134@example.com
Store-Princeton155,104 Carnegie Center #301,\\N,\\N,Princeton,\\N,NJ,8530,USA,(617) 386-1200,(617) 386-1200,store155@example.com
Store-RedwoodShores106,500 Oracle Parkway Redwood,\\N,\\N,Redwood Shores,\\N,CA,94065,USA,(617) 386-1200,(617) 386-1200,store106@example.com
Store-Stamford119,900 Long Ridge Road,\\N,\\N,Stamford,\\N,CT,6902,USA,(617) 386-1200,(617) 386-1200,store119@example.com
Store-Sunrise124,1300 Concord Terrace,Suite 320,\\N,Sunrise,\\N,FL,33323,USA,(617) 386-1200,(617) 386-1200,store124@example.com
Store-Tallahassee125,2039 Centre Pointe Blvd.,Suite 204,\\N,Tallahassee,\\N,FL,32308,USA,(617) 386-1200,(617) 386-1200,store125@example.com
Store-Tampa126,2502 Rocky Point Drive,Suite 600,\\N,Tampa,\\N,FL,33607,USA,(617) 386-1200,(617) 386-1200,store126@example.com
Store-Troy141,3290 West Big Beaver Rd.,Suite 300,\\N,Troy,\\N,MI,48084,USA,(617) 386-1200,(617) 386-1200,store141@example.com
Store-Tucson101,9070 South Rita Rd.,Suite 1950,\\N,Tucson,\\N,AZ,85747,USA,(617) 386-1200,(617) 386-1200,store101@example.com